﻿pos_x,pos_y,rotation,side,designator,mpn,pack,footprint,value,mount_type
106.934,-25.886,-90.0,top,C1,,,CP_Elec_4x4.5,10uF,smt
107.696,-37.846,90.0,bottom,C2,,,C_0805_2012Metric,100nF,smt
101.6,-29.21,180.0,top,J1,,,PinHeader_1x03_P2.54mm_Horizontal,RX-conn,tht
99.568,-38.608,90.0,top,J4,,,PinHeader_2x03_P2.54mm_Vertical,Prog_header,tht
115.57,-24.13,0.0,top,J5,,,PinHeader_1x03_P2.54mm_Horizontal,Conn_01x03_Pin,tht
111.44,-24.4625,90.0,top,Q1,,,SOT-23,MMBT2222A,smt
110.49,-30.48,0.0,top,Q3,,,SOT-23,MMBT2222A,smt
113.9425,-35.56,0.0,bottom,R1,,,R_0805_2012Metric,2K2,smt
102.616,-33.02,0.0,bottom,R2,,,R_0805_2012Metric,2K2,smt
109.22,-29.21,180.0,bottom,U2,,,SOIC-8W_5.3x5.3mm_P1.27mm,ATtiny85,smt
113.64,-35.8,0.0,top,U3,,,SOT-223-3_TabPin2,LD1117S33TR_SOT223,smt
