﻿Designator,Quantity,Value,Footprint,Package,MPN,DNP,Mount_Type,Description
C1,1,10uF,CP_Elec_4x4.5,,,,smt,Unpolarized capacitor
C2,1,100nF,C_0805_2012Metric,,,,smt,Unpolarized capacitor
J1,1,RX-conn,PinHeader_1x03_P2.54mm_Horizontal,,,,tht,"Generic connector, single row, 01x03, script generated"
J4,1,Prog_header,PinHeader_2x03_P2.54mm_Vertical,,,,tht,"Generic connector, single row, 01x06, script generated"
J5,1,Conn_01x03_Pin,PinHeader_1x03_P2.54mm_Horizontal,,,,tht,"Generic connector, single row, 01x03, script generated"
"Q1, Q3",2,MMBT2222A,SOT-23,,,,smt,"600mA Ic, 40V Vce, NPN Transistor, SOT-23"
"R1, R2",2,2K2,R_0805_2012Metric,,,,smt,Resistor
U2,1,ATtiny85,SOIC-8W_5.3x5.3mm_P1.27mm,,,,smt,"10MHz, 8kB Flash, 512B SRAM, 512B EEPROM, debugWIRE, DIP-8"
U3,1,LD1117S33TR_SOT223,SOT-223-3_TabPin2,,,,smt,"800mA Fixed Low Drop Positive Voltage Regulator, Fixed Output 3.3V, SOT-223"
